-- MySQL dump 10.13  Distrib 5.7.17, for Win64 (x86_64)
--
-- Host: 127.0.0.1    Database: dtdd
-- ------------------------------------------------------
-- Server version	5.5.58

/*!40101 SET @OLD_CHARACTER_SET_CLIENT=@@CHARACTER_SET_CLIENT */;
/*!40101 SET @OLD_CHARACTER_SET_RESULTS=@@CHARACTER_SET_RESULTS */;
/*!40101 SET @OLD_COLLATION_CONNECTION=@@COLLATION_CONNECTION */;
/*!40101 SET NAMES utf8 */;
/*!40103 SET @OLD_TIME_ZONE=@@TIME_ZONE */;
/*!40103 SET TIME_ZONE='+00:00' */;
/*!40014 SET @OLD_UNIQUE_CHECKS=@@UNIQUE_CHECKS, UNIQUE_CHECKS=0 */;
/*!40014 SET @OLD_FOREIGN_KEY_CHECKS=@@FOREIGN_KEY_CHECKS, FOREIGN_KEY_CHECKS=0 */;
/*!40101 SET @OLD_SQL_MODE=@@SQL_MODE, SQL_MODE='NO_AUTO_VALUE_ON_ZERO' */;
/*!40111 SET @OLD_SQL_NOTES=@@SQL_NOTES, SQL_NOTES=0 */;

--
-- Table structure for table `chitiet`
--

DROP TABLE IF EXISTS `chitiet`;
/*!40101 SET @saved_cs_client     = @@character_set_client */;
/*!40101 SET character_set_client = utf8 */;
CREATE TABLE `chitiet` (
  `ct_ma` int(11) NOT NULL AUTO_INCREMENT,
  `ct_sl` int(11) DEFAULT NULL,
  `SanPham_sp_ma` int(11) NOT NULL,
  `GioHang_gh_ma` int(11) NOT NULL,
  PRIMARY KEY (`ct_ma`,`SanPham_sp_ma`,`GioHang_gh_ma`),
  KEY `fk_ChiTiet_SanPham1_idx` (`SanPham_sp_ma`),
  KEY `fk_ChiTiet_HoaDon1_idx` (`GioHang_gh_ma`),
  CONSTRAINT `fk_ChiTiet_HoaDon1` FOREIGN KEY (`GioHang_gh_ma`) REFERENCES `giohang` (`gh_ma`) ON DELETE NO ACTION ON UPDATE NO ACTION,
  CONSTRAINT `fk_ChiTiet_SanPham1` FOREIGN KEY (`SanPham_sp_ma`) REFERENCES `sanpham` (`sp_ma`) ON DELETE NO ACTION ON UPDATE NO ACTION
) ENGINE=InnoDB DEFAULT CHARSET=utf8;
/*!40101 SET character_set_client = @saved_cs_client */;

--
-- Dumping data for table `chitiet`
--

LOCK TABLES `chitiet` WRITE;
/*!40000 ALTER TABLE `chitiet` DISABLE KEYS */;
/*!40000 ALTER TABLE `chitiet` ENABLE KEYS */;
UNLOCK TABLES;

--
-- Table structure for table `giohang`
--

DROP TABLE IF EXISTS `giohang`;
/*!40101 SET @saved_cs_client     = @@character_set_client */;
/*!40101 SET character_set_client = utf8 */;
CREATE TABLE `giohang` (
  `gh_ma` int(11) NOT NULL,
  `gh_tong` int(11) DEFAULT NULL,
  PRIMARY KEY (`gh_ma`)
) ENGINE=InnoDB DEFAULT CHARSET=utf8;
/*!40101 SET character_set_client = @saved_cs_client */;

--
-- Dumping data for table `giohang`
--

LOCK TABLES `giohang` WRITE;
/*!40000 ALTER TABLE `giohang` DISABLE KEYS */;
INSERT INTO `giohang` VALUES (1,0);
/*!40000 ALTER TABLE `giohang` ENABLE KEYS */;
UNLOCK TABLES;

--
-- Table structure for table `hangsx`
--

DROP TABLE IF EXISTS `hangsx`;
/*!40101 SET @saved_cs_client     = @@character_set_client */;
/*!40101 SET character_set_client = utf8 */;
CREATE TABLE `hangsx` (
  `hsx_ma` int(11) NOT NULL,
  `hsx_ten` varchar(45) DEFAULT NULL,
  PRIMARY KEY (`hsx_ma`)
) ENGINE=InnoDB DEFAULT CHARSET=utf8;
/*!40101 SET character_set_client = @saved_cs_client */;

--
-- Dumping data for table `hangsx`
--

LOCK TABLES `hangsx` WRITE;
/*!40000 ALTER TABLE `hangsx` DISABLE KEYS */;
INSERT INTO `hangsx` VALUES (1,'Apple'),(2,'Sumsung'),(3,'Oppo'),(4,'Huawei'),(5,'Xiaomi'),(6,'Nokia'),(7,'Vsmart'),(8,'Vivo'),(9,'HTC'),(10,'Asus'),(11,'Blackberry');
/*!40000 ALTER TABLE `hangsx` ENABLE KEYS */;
UNLOCK TABLES;

--
-- Table structure for table `sanpham`
--

DROP TABLE IF EXISTS `sanpham`;
/*!40101 SET @saved_cs_client     = @@character_set_client */;
/*!40101 SET character_set_client = utf8 */;
CREATE TABLE `sanpham` (
  `sp_ma` int(11) NOT NULL,
  `sp_ten` varchar(45) DEFAULT NULL,
  `sp_gia` int(11) DEFAULT NULL,
  `sp_anh` varchar(45) DEFAULT NULL,
  `sp_sl` int(11) DEFAULT NULL,
  `sp_ngaynhap` timestamp NULL DEFAULT NULL,
  `HangSX_hsx_ma` int(11) NOT NULL,
  PRIMARY KEY (`sp_ma`,`HangSX_hsx_ma`),
  KEY `fk_SanPham_HangSX1_idx` (`HangSX_hsx_ma`),
  CONSTRAINT `fk_SanPham_HangSX1` FOREIGN KEY (`HangSX_hsx_ma`) REFERENCES `hangsx` (`hsx_ma`) ON DELETE NO ACTION ON UPDATE NO ACTION
) ENGINE=InnoDB DEFAULT CHARSET=utf8;
/*!40101 SET character_set_client = @saved_cs_client */;

--
-- Dumping data for table `sanpham`
--

LOCK TABLES `sanpham` WRITE;
/*!40000 ALTER TABLE `sanpham` DISABLE KEYS */;
INSERT INTO `sanpham` VALUES (1,'iphone XS Max 512G',39990000,'image/1.jpg',10,'2019-04-25 11:20:00',1),(2,'iphone XS 256G',32990000,'image/2.jpg',10,'2019-04-26 11:20:00',1),(3,'iphone X 256G',27990000,'image/3.jpg',10,'2019-04-25 01:20:00',1),(4,'iphone 8 256G',25790000,'image/4.jpg',10,'2019-03-25 12:21:00',1),(5,'iphone Xr 128G',21990000,'image/5.jpg',10,'2019-04-25 11:21:00',1),(6,'iphone 7Plus 32G',12990000,'image/6.jpg',10,'2019-04-25 12:20:35',1),(7,'iphone 7 32G',11990000,'image/7.jpg',10,'2019-04-07 11:20:00',1),(8,'iphone 6s Plus 32G',9990000,'image/8.jpg',10,'2019-04-17 11:23:50',1),(9,'Samsung Galaxy S10+',28990000,'image/9.jpg',10,'2019-03-15 11:20:00',2),(10,'Samsung Galaxy Note 9',18990000,'image/10.jpg',10,'2019-04-30 11:20:00',2),(11,'Samsung Galaxy A8 Star',8090000,'image/11.jpg',10,'2019-05-01 11:20:00',2),(12,'Samsung Galaxy M20',4990000,'image/12.jpg',10,'2019-04-26 11:20:00',2),(13,'Samsung Galaxy J6+',3990000,'image/13.jpg',10,'2019-02-25 11:20:00',2),(14,'OPPO Find X',19990000,'image/14.jpg',10,'2019-03-17 11:20:00',3),(15,'OPPO R17 Pro',15990000,'image/15.jpg',10,'2019-05-02 11:20:00',3),(16,'OPPO F9',6990000,'image/16.jpg',10,'2019-04-25 02:20:00',3),(17,'OPPO A7',5490000,'image/17.jpg',10,'2019-04-25 09:20:30',3),(18,'Huawei Mate 20 Pro',17990000,'image/18.jpg',10,'2019-04-25 11:20:01',4),(19,'Huawei P30 Lite',7490000,'image/19.jpg',10,'2019-04-29 11:20:00',4),(20,'Huawei Nova 3i',5990000,'image/20.jpg',10,'2019-03-08 11:20:00',4),(21,'Huawei Y6 Prime',2290000,'image/21.jpg',10,'2019-04-01 11:20:00',4),(22,'Xiaomi Mi 8',11990000,'image/22.jpg',10,'2019-01-25 11:20:00',5),(23,'Xiaomi Mi A2',5690000,'image/23.jpg',10,'2019-04-10 11:20:00',5),(24,'Xiaomi Redmi Note 6 Pro',5690000,'image/24.jpg',10,'2019-03-11 15:20:00',5),(25,'Xiaomi Redmi Go',1790000,'image/25.jpg',10,'2019-04-02 11:20:00',5),(26,'Nokia 6.1 Plus',4790000,'image/26.jpg',10,'2019-03-30 11:20:00',6),(27,'Vsmart Active 1',4490000,'image/27.jpg',10,'2019-03-31 11:20:00',7),(28,'Vsmart Joy 1',2290000,'image/28.jpg',10,'2019-04-18 11:20:00',7),(29,'Vivo V15',7990000,'image/29.jpg',10,'2019-04-24 19:37:00',8),(30,'Vivo Y91C',2990000,'image/30.jpg',10,'2019-04-29 11:20:23',8),(31,'HTC U12 life',4540000,'image/31.jpg',10,'2019-04-13 11:20:00',9),(32,'ASUS Max Pro M2',5990000,'image/32.jpg',10,'2019-03-16 11:20:00',10),(33,'BlackBerry Evolve',7990000,'image/33.jpg',10,'2019-03-22 11:20:00',11);
/*!40000 ALTER TABLE `sanpham` ENABLE KEYS */;
UNLOCK TABLES;

--
-- Table structure for table `thongtinsp`
--

DROP TABLE IF EXISTS `thongtinsp`;
/*!40101 SET @saved_cs_client     = @@character_set_client */;
/*!40101 SET character_set_client = utf8 */;
CREATE TABLE `thongtinsp` (
  `ttsp_id` int(11) NOT NULL,
  `thuoctinh` varchar(45) DEFAULT NULL,
  `mota` varchar(1000) DEFAULT NULL,
  `SanPham_sp_ma` int(11) NOT NULL,
  PRIMARY KEY (`ttsp_id`,`SanPham_sp_ma`),
  KEY `fk_ThongTinSP_SanPham1_idx` (`SanPham_sp_ma`),
  CONSTRAINT `fk_ThongTinSP_SanPham1` FOREIGN KEY (`SanPham_sp_ma`) REFERENCES `sanpham` (`sp_ma`) ON DELETE NO ACTION ON UPDATE NO ACTION
) ENGINE=InnoDB DEFAULT CHARSET=utf8;
/*!40101 SET character_set_client = @saved_cs_client */;

--
-- Dumping data for table `thongtinsp`
--

LOCK TABLES `thongtinsp` WRITE;
/*!40000 ALTER TABLE `thongtinsp` DISABLE KEYS */;
INSERT INTO `thongtinsp` VALUES (1,'Kích thước','Dài 157.5 mm - Ngang 77.4 mm - Dày 7.7 mm',1),(1,'Kích thước','Dài 143.6 mm - Ngang 70.9 mm - Dày 7.7 mm',2),(1,'Kích thước','Dài 143.6 mm - Ngang 70.9 mm - Dày 7.7 mm',3),(1,'Kích thước','Dài 157.5 mm - Ngang 77.4 mm - Dày 7.7 mm',4),(1,'Kích thước','Dài 150.9 mm - Ngang 75.7 mm - Dày 8.3 mm',5),(1,'Kích thước','Dài 158.2 mm - Ngang 77.9 mm - Dày 7.3 mm',6),(1,'Kích thước','Dài 138.3 mm - Ngang 67.1 mm - Dày 7.1 mm',7),(1,'Kích thước','Dài 158.2 mm - Ngang 77.9 mm - Dày 7.3 mm',8),(1,'Kích thước','Dài 157.6 mm - Ngang 74.1 mm - Dày 7.8 mm',9),(1,'Kích thước','Dài 161.9 mm - Ngang 76.4 mm - Dày 8.8 mm',10),(1,'Kích thước','Dài 162.4 mm - Ngang 77 mm - Dày 7.6 mm',11),(1,'Kích thước','Dài 156.4 mm - Ngang 74.5 mm - Dày 8.8 mm',12),(1,'Kích thước','Dài 161.4 mm - Ngang 76.9 mm - Dày 7.9 mm',13),(1,'Kích thước','Dài 156.7 mm - Ngang 74.2 mm - Dày 9.6 mm',14),(1,'Kích thước','Dài 157.6 mm - Ngang 74.6 mm - Dày 7.9 mm',15),(1,'Kích thước','Dài 156.7 mm - Ngang 74 mm - Dày 7.99 mm',16),(1,'Kích thước','Dài 155.9 mm - Ngang 75.4 mm - Dày 8.1 mm',17),(1,'Kích thước','Dài 157.8 mm - Ngang 72.3 mm - Dày 8.6 mm',18),(1,'Kích thước','Dài 152.9 mm - Ngang 72.7 mm - Dày 7.4 mm',19),(1,'Kích thước','Dài 157.6 mm - Ngang 75.2 mm - Dày 7.6 mm',20),(1,'Kích thước','Dài 152.4 mm - Ngang 73 mm - Dày 7.8 mm',21),(1,'Kích thước','Dài 154.9 mm - Ngang 74.8 mm - Dày 7.6 mm',22),(1,'Kích thước','Dài 158.7 mm - Ngang 75.4 mm - 7.3 mm',23),(1,'Kích thước','Dài 157.9 mm - Ngang 76.38 mm - Dày 8.2 mm',24),(1,'Kích thước','Dài 140.4 mm - Ngang 70.1 mm - Dày 8.35 mm',25),(1,'Kích thước','Dài 147.2 mm - Ngang 71 mm - Dày 8 mm',26),(1,'Kích thước','Dài 150.8 mm - Ngang 72.3 - Dày 8.25 mm',27),(1,'Kích thước','Dài 144.58 mm - Ngang 70.94 - Dày 8.3 mm',28),(1,'Kích thước','Dài 161.97 mm - Ngang 75.93 mm - Dày 8.54 mm',29),(1,'Kích thước','Dài 155.11 mm - Ngang 75.09 mm - Dày 8.28 mm',30),(1,'Kích thước','Dài 158.5 mm - Ngang 75.4 mm - Dày 8.3 mm',31),(1,'Kích thước','Dài 157.9 mm - Ngang 75.5 mm - Dày 8.5 mm',32),(1,'Kích thước','Dài 158.9 mm - Ngang 76.1 mm - Dày 8.4 mm',33),(2,'Trọng lượng','208 g',1),(2,'Trọng lượng','177 g',2),(2,'Trọng lượng','174 g',3),(2,'Trọng lượng','208 g',4),(2,'Trọng lượng','194 g',5),(2,'Trọng lượng','188 g',6),(2,'Trọng lượng','138 g',7),(2,'Trọng lượng','192 g',8),(2,'Trọng lượng','176 g',9),(2,'Trọng lượng','201 g',10),(2,'Trọng lượng','191 g',11),(2,'Trọng lượng','178 g',12),(2,'Trọng lượng','178 g',13),(2,'Trọng lượng','186 g',14),(2,'Trọng lượng','183 g',15),(2,'Trọng lượng','169 g',16),(2,'Trọng lượng','158 g',17),(2,'Trọng lượng','189 g',18),(2,'Trọng lượng','159 g',19),(2,'Trọng lượng','169 g',20),(2,'Trọng lượng','150 g',21),(2,'Trọng lượng','175 g',22),(2,'Trọng lượng','168 g',23),(2,'Trọng lượng','182 g',24),(2,'Trọng lượng','137 g',25),(2,'Trọng lượng','153 g',26),(2,'Trọng lượng','169 g',27),(2,'Trọng lượng','150 g',28),(2,'Trọng lượng','189.5 g',29),(2,'Trọng lượng','163.5 g',30),(2,'Trọng lượng','175 g',31),(2,'Trọng lượng','170 g',32),(2,'Trọng lượng','170 g',33),(3,'Chất liệu','Khung thép không gỉ + mặt kính cường lực',1),(3,'Chất liệu','Khung thép không gỉ + mặt kính cường lực',2),(3,'Chất liệu','Khung kim loại + mặt kính cường lực',3),(3,'Chất liệu','Khung kim loại + mặt kính cường lực',4),(3,'Chất liệu','Khung nhôm + mặt kính cường lực',5),(3,'Chất liệu','Hợp kim Nhôm + Magie',6),(3,'Chất liệu','Hợp kim Nhôm + Magie',7),(3,'Chất liệu','Hợp kim nhôm',8),(3,'Chất liệu','Khung kim loại + mặt lưng gốm',9),(3,'Chất liệu','Khung kim loại + mặt kính cường lực',10),(3,'Chất liệu','Kim loại',11),(3,'Chất liệu','Nhựa',12),(3,'Chất liệu','Nhựa',13),(3,'Chất liệu','Khung kim loại + mặt kính cường lực',14),(3,'Chất liệu','Viền kim loại + mặt lưng kính',15),(3,'Chất liệu','Nhựa',16),(3,'Chất liệu','Nhựa',17),(3,'Chất liệu','Khung kim loại + mặt kính cường lực',18),(3,'Chất liệu','Kim loại',19),(3,'Chất liệu','Khung nhựa + vỏ kim loại',20),(3,'Chất liệu','Nhựa',21),(3,'Chất liệu','Khung kim loại + mặt kính cường lực',22),(3,'Chất liệu','Khung kim loại + mặt lưng kính',23),(3,'Chất liệu','Khung kim loại + mặt lưng kính',24),(3,'Chất liệu','Viền kim loại + mặt lưng kính',25),(3,'Chất liệu','Nhựa',26),(3,'Chất liệu','Khung kim loại + mặt lưng kính',27),(3,'Chất liệu','Nhựa',28),(3,'Chất liệu','Khung nhựa + mặt lưng nhựa giả kính',29),(3,'Chất liệu','Nhựa',30),(3,'Chất liệu','Khung + mặt lưng kính Acrylic',31),(3,'Chất liệu','Nhựa',32),(3,'Chất liệu','Khung nhôm + vỏ nhựa',33),(4,'Công nghệ màn hình','OLED',1),(4,'Công nghệ màn hình','OLED',2),(4,'Công nghệ màn hình','OLED',3),(4,'Công nghệ màn hình','OLED',4),(4,'Công nghệ màn hình','IPS LCD',5),(4,'Công nghệ màn hình','LED-backlit IPS LCD',6),(4,'Công nghệ màn hình','LED-backlit IPS LCD',7),(4,'Công nghệ màn hình','LED-backlit IPS LCD',8),(4,'Công nghệ màn hình','Dynamic AMOLED',9),(4,'Công nghệ màn hình','Super AMOLED',10),(4,'Công nghệ màn hình','Super AMOLED',11),(4,'Công nghệ màn hình','PLS TFT LCD',12),(4,'Công nghệ màn hình','PLS  LCD',13),(4,'Công nghệ màn hình','AMOLED',14),(4,'Công nghệ màn hình','AMOLED',15),(4,'Công nghệ màn hình','LTPS LCD',16),(4,'Công nghệ màn hình','LTPS LCD',17),(4,'Công nghệ màn hình','OLED',18),(4,'Công nghệ màn hình','IPS LCD',19),(4,'Công nghệ màn hình','IPS LCD',20),(4,'Công nghệ màn hình','IPS LCD',21),(4,'Công nghệ màn hình','Super AMOLED',22),(4,'Công nghệ màn hình','IPS LCD',23),(4,'Công nghệ màn hình','IPS LCD',24),(4,'Công nghệ màn hình','IPS LCD',25),(4,'Công nghệ màn hình','IPS LCD',26),(4,'Công nghệ màn hình','IPS LCD',27),(4,'Công nghệ màn hình','IPS LCD',28),(4,'Công nghệ màn hình','IPS LCD',29),(4,'Công nghệ màn hình','IPS LCD',30),(4,'Công nghệ màn hình','Super LCD',31),(4,'Công nghệ màn hình','IPS LCD',32),(4,'Công nghệ màn hình','IPS LCD',33),(5,'Kích thước màn hình','6.5\"',1),(5,'Kích thước màn hình','5.8\"',2),(5,'Kích thước màn hình','5.8\"',3),(5,'Kích thước màn hình','6.5\"',4),(5,'Kích thước màn hình','6.1\"',5),(5,'Kích thước màn hình','5.5\"',6),(5,'Kích thước màn hình','4.7\"',7),(5,'Kích thước màn hình','5.5\"',8),(5,'Kích thước màn hình','6.4\"',9),(5,'Kích thước màn hình','6.4\"',10),(5,'Kích thước màn hình','6.3\"',11),(5,'Kích thước màn hình','6.3\"',12),(5,'Kích thước màn hình','6.0\"',13),(5,'Kích thước màn hình','6.42\"',14),(5,'Kích thước màn hình','6.4\"',15),(5,'Kích thước màn hình','6.3\"',16),(5,'Kích thước màn hình','6.2\"',17),(5,'Kích thước màn hình','6.39\"',18),(5,'Kích thước màn hình','6.15\"',19),(5,'Kích thước màn hình','6.3\"',20),(5,'Kích thước màn hình','5.7\"',21),(5,'Kích thước màn hình','6.21\"',22),(5,'Kích thước màn hình','5.99\"',23),(5,'Kích thước màn hình','6.26\"',24),(5,'Kích thước màn hình','5\"',25),(5,'Kích thước màn hình','5.8\"',26),(5,'Kích thước màn hình','5.65\"',27),(5,'Kích thước màn hình','5.45\"',28),(5,'Kích thước màn hình','6.53\"',29),(5,'Kích thước màn hình','6.22\"',30),(5,'Kích thước màn hình','6\"',31),(5,'Kích thước màn hình','6.3\"',32),(5,'Kích thước màn hình','5.99\"',33),(6,'Độ phân giải','1242 x 2688 Pixels',1),(6,'Độ phân giải','1125 x 2436 Pixels',2),(6,'Độ phân giải','1125 x 2436 Pixels',3),(6,'Độ phân giải','1242 x 2688 Pixels',4),(6,'Độ phân giải','828 x 1792 Pixels',5),(6,'Độ phân giải','1080 x 1920 Pixels',6),(6,'Độ phân giải','750 x 1334 Pixels',7),(6,'Độ phân giải','1080 x 1920 Pixels',8),(6,'Độ phân giải','1440 x 3040 Pixels',9),(6,'Độ phân giải','1440 x 2960 Pixels',10),(6,'Độ phân giải','1080 x 2220 Pixels',11),(6,'Độ phân giải','1080 x 2340 Pixels',12),(6,'Độ phân giải','720 × 1480 Pixels',13),(6,'Độ phân giải','1080 x 2340 Pixels',14),(6,'Độ phân giải','1081 x 2340 Pixels',15),(6,'Độ phân giải','1082 x 2340 Pixels',16),(6,'Độ phân giải','720 x 1520 Pixels',17),(6,'Độ phân giải','1440 x 3120 Pixels',18),(6,'Độ phân giải','1080 x 2340 Pixels',19),(6,'Độ phân giải','1080 x 2340 Pixels',20),(6,'Độ phân giải','720 x 1440 Pixels)',21),(6,'Độ phân giải','1080 x 2248 Pixels',22),(6,'Độ phân giải','1080 x 2160 Pixels',23),(6,'Độ phân giải','1080 x 2160 Pixels',24),(6,'Độ phân giải','720 x 1280 Pixels',25),(6,'Độ phân giải','1080 x 2280 Pixels',26),(6,'Độ phân giải','1080 x 2160 Pixels',27),(6,'Độ phân giải','720 x 1440 Pixels',28),(6,'Độ phân giải','1080 x 2340 Pixels',29),(6,'Độ phân giải','720 x 1520 Pixels',30),(6,'Độ phân giải','1080 x 2160 Pixels',31),(6,'Độ phân giải','1080 x 2280 Pixels',32),(6,'Độ phân giải','1080 x 2160 Pixels',33),(7,'Mặt kính cảm ứng','Kính oleophobic (ion cường lực)',1),(7,'Mặt kính cảm ứng','Kính oleophobic (ion cường lực)',2),(7,'Mặt kính cảm ứng','Kính oleophobic (ion cường lực)',3),(7,'Mặt kính cảm ứng','Kính oleophobic (ion cường lực)',4),(7,'Mặt kính cảm ứng','Kính oleophobic (ion cường lực)',5),(7,'Mặt kính cảm ứng','Kính oleophobic (ion cường lực)',6),(7,'Mặt kính cảm ứng','Kính oleophobic (ion cường lực)',7),(7,'Mặt kính cảm ứng','Kính oleophobic (ion cường lực)',8),(7,'Mặt kính cảm ứng','Corning Gorilla Glass 6',9),(7,'Mặt kính cảm ứng','Corning Gorilla Glass 5',10),(7,'Mặt kính cảm ứng','Kính cường lực Gorilla Glass',11),(7,'Mặt kính cảm ứng','Mặt kính cong 2.5D',12),(7,'Mặt kính cảm ứng','Mặt kính cong 2.5D',13),(7,'Mặt kính cảm ứng','Corning Gorilla Glass 5',14),(7,'Mặt kính cảm ứng','Corning Gorilla Glass 6',15),(7,'Mặt kính cảm ứng','Corning Gorilla Glass 6',16),(7,'Mặt kính cảm ứng','Kính cường lực Gorilla Glass 3',17),(7,'Mặt kính cảm ứng','Corning Gorilla Glass 5',18),(7,'Mặt kính cảm ứng','Corning Gorilla Glass 5',19),(7,'Mặt kính cảm ứng','Mặt kính cong 2.5D',20),(7,'Mặt kính cảm ứng','Kính thường',21),(7,'Mặt kính cảm ứng','Kính cường lực Gorilla Glass 3',22),(7,'Mặt kính cảm ứng','Mặt kính cong 3D',23),(7,'Mặt kính cảm ứng','Mặt kính cong 2.5D',24),(7,'Mặt kính cảm ứng','Mặt kính cong 2.5D',25),(7,'Mặt kính cảm ứng','Mặt kính cong 2.5D',26),(7,'Mặt kính cảm ứng','Kính cường lực',27),(7,'Mặt kính cảm ứng','Kính thường',28),(7,'Mặt kính cảm ứng','Corning Gorilla Glass 5',29),(7,'Mặt kính cảm ứng','Mặt kính cong 2.5D',30),(7,'Mặt kính cảm ứng','Kính cường lực',31),(7,'Mặt kính cảm ứng','Corning Gorilla Glass 6',32),(7,'Mặt kính cảm ứng','Corning Gorilla Glass 5',33),(8,'Camera trước','7 MP',1),(8,'Camera trước','7 MP',2),(8,'Camera trước','7 MP',3),(8,'Camera trước','7 MP',4),(8,'Camera trước','7 MP',5),(8,'Camera trước','7 MP',6),(8,'Camera trước','7 MP',7),(8,'Camera trước','5 MP',8),(8,'Camera trước','Chính 10 MP & Phụ 8 MP',9),(8,'Camera trước','8 MP',10),(8,'Camera trước','24 MP',11),(8,'Camera trước','8 MP',12),(8,'Camera trước','8 MP',13),(8,'Camera trước','25 MP',14),(8,'Camera trước','25 MP',15),(8,'Camera trước','25 MP',16),(8,'Camera trước','16 MP',17),(8,'Camera trước','24 MP',18),(8,'Camera trước','32 MP',19),(8,'Camera trước','Chính 24 MP & Phụ 2 MP',20),(8,'Camera trước','8 MP',21),(8,'Camera trước','20 MP',22),(8,'Camera trước','20 MP',23),(8,'Camera trước','Chính 20 MP & Phụ 2 MP',24),(8,'Camera trước','5 MP',25),(8,'Camera trước','16 MP',26),(8,'Camera trước','8 MP',27),(8,'Camera trước','5 MP',28),(8,'Camera trước','32 MP',29),(8,'Camera trước','5 MP',30),(8,'Camera trước','13 MP',31),(8,'Camera trước','13 MP',32),(8,'Camera trước','16 MP',33),(9,'Camera sau','Chính 12 MP & Phụ 12 MP',1),(9,'Camera sau','Chính 12 MP & Phụ 12 MP',2),(9,'Camera sau','Chính 12 MP & Phụ 12 MP',3),(9,'Camera sau','Chính 12 MP & Phụ 12 MP',4),(9,'Camera sau','12 MP',5),(9,'Camera sau','Chính 12 MP & Phụ 12 MP',6),(9,'Camera sau','12 MP',7),(9,'Camera sau','12 MP',8),(9,'Camera sau','Chính 12 MP & Phụ 12 MP, 16 MP',9),(9,'Camera sau','Chính 12 MP & Phụ 12 MP',10),(9,'Camera sau','Chính 16 MP & Phụ 24 MP',11),(9,'Camera sau','Chính 13 MP & Phụ 5 MP',12),(9,'Camera sau','Chính 13 MP & Phụ 5 MP',13),(9,'Camera sau','Chính 16 MP & Phụ 20 MP',14),(9,'Camera sau','Chính 12 MP & Phụ 20 MP, TOF 3D',15),(9,'Camera sau','Chính 16 MP & Phụ 2 MP',16),(9,'Camera sau','Chính 13 MP & Phụ 2 MP',17),(9,'Camera sau','Chính 40 MP & Phụ 20 MP, 8 MP',18),(9,'Camera sau','Chính 24 MP & Phụ 8 MP, 2 MP',19),(9,'Camera sau','Chính 16 MP & Phụ 2 MP',20),(9,'Camera sau','13 MP',21),(9,'Camera sau','Chính 12 MP & Phụ 12 MP',22),(9,'Camera sau','Chính 12 MP & Phụ 20 MP',23),(9,'Camera sau','Chính 12 MP & Phụ 5 MP',24),(9,'Camera sau','8 MP',25),(9,'Camera sau','Chính 16 MP & Phụ 5 MP',26),(9,'Camera sau','Chính 12 MP & Phụ 5 MP',27),(9,'Camera sau','13 MP',28),(9,'Camera sau','Chính 12 MP & Phụ 8 MP, 5 MP',29),(9,'Camera sau','13 MP',30),(9,'Camera sau','Chính 16 MP & Phụ 5 MP',31),(9,'Camera sau','Chính 12 MP & Phụ 5 MP',32),(9,'Camera sau','Chính 13 MP & Phụ 13 MP',33),(10,'Quay phim','Quay phim FullHD 1080p@30fps, Quay phim FullHD 1080p@60fps, Quay phim FullHD 1080p@120fps, Quay phim FullHD 1080p@240fps, Quay phim 4K 2160p@24fps, Quay phim 4K 2160p@30fps, Quay phim 4K 2160p@60fps',1),(10,'Quay phim','Quay phim FullHD 1080p@30fps, Quay phim FullHD 1080p@60fps, Quay phim FullHD 1080p@120fps, Quay phim FullHD 1080p@240fps, Quay phim 4K 2160p@24fps, Quay phim 4K 2160p@30fps, Quay phim 4K 2160p@60fps',2),(10,'Quay phim','Quay phim 4K 2160p@60fps',3),(10,'Quay phim','Quay phim 4K 2160p@60fps',4),(10,'Quay phim','Quay phim FullHD 1080p@30fps, Quay phim FullHD 1080p@60fps, Quay phim FullHD 1080p@120fps, Quay phim FullHD 1080p@240fps, Quay phim 4K 2160p@24fps, Quay phim 4K 2160p@30fps, Quay phim 4K 2160p@60fps',5),(10,'Quay phim','Quay phim 4K 2160p@30fps',6),(10,'Quay phim','Quay phim 4K 2160p@30fps',7),(10,'Quay phim','Quay phim 4K 2160p@30fps',8),(10,'Quay phim','Quay phim siêu chậm 960 fps, Quay phim FullHD 1080p@240fps, Quay phim 4K 2160p@60fps',9),(10,'Quay phim','Quay phim siêu chậm 960 fps, Quay phim FullHD 1080p@240fps, Quay phim 4K 2160p@60fps',10),(10,'Quay phim','Quay phim FullHD 1080p@30fps, Quay phim 4K 2160p@30fps',11),(10,'Quay phim','Quay phim FullHD 1080p@30fps',12),(10,'Quay phim','Quay phim FullHD 1080p@30fps',13),(10,'Quay phim','Quay phim 4K 2160p@30fps',14),(10,'Quay phim','Quay phim FullHD 1080p@30fps, Quay phim 4K 2160p@30fps',15),(10,'Quay phim','	Quay phim HD 720p@24fps, Quay phim FullHD 1080p@30fps',16),(10,'Quay phim','Quay phim FullHD 1080p@30fps',17),(10,'Quay phim','Quay phim FullHD 1080p@30fps, Quay phim FullHD 1080p@240fps, Quay phim 4K 2160p@30fps',18),(10,'Quay phim','Quay phim FullHD 1080p@30fps, Quay phim 4K 2160p@30fps',19),(10,'Quay phim','Quay phim FullHD 1080p@30fps',20),(10,'Quay phim','Quay phim HD 720p@30fps',21),(10,'Quay phim','Quay phim FullHD 1080p@30fps, Quay phim 4K 2160p@30fps',22),(10,'Quay phim','Quay phim FullHD 1080p@30fps, Quay phim FullHD 1080p@60fps, Quay phim 4K 2160p@30fps',23),(10,'Quay phim','Quay phim FullHD 1080p@30fps',24),(10,'Quay phim','Quay phim FullHD 1080p@60fps',25),(10,'Quay phim','Quay phim FullHD 1080p@30fps',26),(10,'Quay phim','Quay phim FullHD 1080p@30fps, Quay phim 4K 2160p@30fps',27),(10,'Quay phim','Quay phim FullHD 1080p@30fps',28),(10,'Quay phim','Quay phim FullHD 1080p@30fps',29),(10,'Quay phim','Quay phim FullHD 1080p@30fps',30),(10,'Quay phim','Quay phim FullHD 1080p@30fps, Quay phim FullHD 1080p@60fps, Quay phim 4K 2160p@30fps',31),(10,'Quay phim','	Quay phim FullHD 1080p@30fps, Quay phim FullHD 1080p@60fps, Quay phim 4K 2160p@30fps',32),(10,'Quay phim','Quay phim FullHD 1080p@30fps, Quay phim 2K 1920@40fps',33),(11,'Đèn Flash','4 đèn LED (2 tông màu)',1),(11,'Đèn Flash','4 đèn LED (2 tông màu)',2),(11,'Đèn Flash','4 đèn LED (2 tông màu)',3),(11,'Đèn Flash','4 đèn LED (2 tông màu)',4),(11,'Đèn Flash','4 đèn LED (2 tông màu)',5),(11,'Đèn Flash','4 đèn LED (2 tông màu)',6),(11,'Đèn Flash','4 đèn LED (2 tông màu)',7),(11,'Đèn Flash','Có',8),(11,'Đèn Flash','Có',9),(11,'Đèn Flash','Có',10),(11,'Đèn Flash','Có',11),(11,'Đèn Flash','Có',12),(11,'Đèn Flash','Có',13),(11,'Đèn Flash','Đèn LED 2 tông màu',14),(11,'Đèn Flash','Đèn LED kép',15),(11,'Đèn Flash','Có',16),(11,'Đèn Flash','Có',17),(11,'Đèn Flash','Đèn LED kép',18),(11,'Đèn Flash','Có',19),(11,'Đèn Flash','Có',20),(11,'Đèn Flash','Có',21),(11,'Đèn Flash','Đèn LED 2 tông màu',22),(11,'Đèn Flash','Đèn LED 2 tông màu',23),(11,'Đèn Flash','Có',24),(11,'Đèn Flash','Có',25),(11,'Đèn Flash','Có',26),(11,'Đèn Flash','Có',27),(11,'Đèn Flash','Có',28),(11,'Đèn Flash','Có',29),(11,'Đèn Flash','Có',30),(11,'Đèn Flash','Đèn LED 2 tông màu',31),(11,'Đèn Flash','Có',32),(11,'Đèn Flash','Đèn LED 2 tông màu',33),(12,'HĐH','iOS 12',1),(12,'HĐH','iOS 12',2),(12,'HĐH','iOS 12',3),(12,'HĐH','iOS 12',4),(12,'HĐH','iOS 12',5),(12,'HĐH','iOS 12',6),(12,'HĐH','iOS 12',7),(12,'HĐH','iOS 12',8),(12,'HĐH','Android 9.0 (Pie)',9),(12,'HĐH','Android 8.1 (Oreo)',10),(12,'HĐH','Android 8.0 (Oreo)',11),(12,'HĐH','Android 8.1 (Oreo)',12),(12,'HĐH','Android 8.1 (Oreo)',13),(12,'HĐH','Android 8.1 (Oreo)',14),(12,'HĐH','ColorOS 5.2 (Android 8.1)',15),(12,'HĐH','ColorOS 5.2 (Android 8.1)',16),(12,'HĐH','ColorOS 5.2 (Android 8.1)',17),(12,'HĐH','Android 9.0 (Pie)',18),(12,'HĐH','Android 9.0 (Pie)',19),(12,'HĐH','Android 8.1 (Oreo)',20),(12,'HĐH','Android 8.0 (Oreo)',21),(12,'HĐH','Android 8.1 (Oreo)',22),(12,'HĐH','Android 8 Oreo (Android One)',23),(12,'HĐH','Android 8.1 (Oreo)',24),(12,'HĐH','Android 8 Oreo (Go Edition)',25),(12,'HĐH','Android 8 Oreo (Android One)',26),(12,'HĐH','Android 8.1 (Oreo)',27),(12,'HĐH','Android 8.1 (Oreo)',28),(12,'HĐH','Android 9.0 (Pie)',29),(12,'HĐH','Android 8.1 (Oreo)',30),(12,'HĐH','Android 8.1 (Oreo)',31),(12,'HĐH','Android 8.1 (Oreo)',32),(12,'HĐH','Android 8.1 (Oreo)',33),(13,'Chipset','Apple A12 Bionic 6 nhân',1),(13,'Chipset','Apple A12 Bionic 6 nhân',2),(13,'Chipset','Apple A12 Bionic 6 nhân',3),(13,'Chipset','Apple A12 Bionic 6 nhân',4),(13,'Chipset','Apple A12 Bionic 6 nhân',5),(13,'Chipset','Apple A10 Fusion 4 nhân 64-bit',6),(13,'Chipset','Apple A10 Fusion 4 nhân 64-bit',7),(13,'Chipset','Apple A9 2 nhân 64-bit',8),(13,'Chipset','Exynos 9820 8 nhân 64-bit',9),(13,'Chipset','Exynos 9820 8 nhân 64-bit',10),(13,'Chipset','Qualcomm Snapdragon 660 8 nhân',11),(13,'Chipset','Exynos 7904 8 nhân 64-bit',12),(13,'Chipset','Qualcomm Snapdragon 425 4 nhân 64-bit',13),(13,'Chipset','Snapdragon 845 8 nhân',14),(13,'Chipset','Snapdragon 710 8 nhân 64-bit',15),(13,'Chipset','MediaTek Helio P60 8 nhân 64-bit',16),(13,'Chipset','Qualcomm Snapdragon 450 8 nhân 64-bit',17),(13,'Chipset','Hisilicon Kirin 980 8 nhân 64-bit',18),(13,'Chipset','HiSilicon Kirin 710',19),(13,'Chipset','HiSilicon Kirin 710',20),(13,'Chipset','Qualcomm Snapdragon 425 4 nhân 64-bit',21),(13,'Chipset','Snapdragon 845 8 nhân',22),(13,'Chipset','Qualcomm Snapdragon 660 8 nhân',23),(13,'Chipset','Qualcomm Snapdragon 636 8 nhân 64-bit',24),(13,'Chipset','Qualcomm Snapdragon 425 4 nhân 64-bit',25),(13,'Chipset','Qualcomm Snapdragon 636 8 nhân 64-bit',26),(13,'Chipset','Qualcomm Snapdragon 660 8 nhân',27),(13,'Chipset','Snapdragon 435 8 nhân 64-bit',28),(13,'Chipset','MediaTek Helio P70 8 nhân',29),(13,'Chipset','MediaTek MT6762R 8 nhân',30),(13,'Chipset','Qualcomm Snapdragon 636 8 nhân 64-bit',31),(13,'Chipset','Qualcomm Snapdragon 660 8 nhân',32),(13,'Chipset','Qualcomm Snapdragon 450 8 nhân 64-bit',33),(14,'Tốc độ CPU','2 nhân 2.5 GHz Vortex & 4 nhân 1.6 GHz Tempest',1),(14,'Tốc độ CPU','2 nhân 2.5 GHz Vortex & 4 nhân 1.6 GHz Tempest',2),(14,'Tốc độ CPU','2.39 GHz',3),(14,'Tốc độ CPU','2 nhân 2.5 GHz Vortex & 4 nhân 1.6 GHz Tempest',4),(14,'Tốc độ CPU','2 nhân 2.5 GHz Vortex & 4 nhân 1.6 GHz Tempest',5),(14,'Tốc độ CPU','2.3 GHz',6),(14,'Tốc độ CPU','2.3 GHz',7),(14,'Tốc độ CPU','1.8 GHz',8),(14,'Tốc độ CPU','2 nhân 2.7 GHz, 2 nhân 2.3 GHz và 4 nhân 1.9 GHz',9),(14,'Tốc độ CPU','4 nhân 2.7 GHz và 4 nhân 1.7 GHz',10),(14,'Tốc độ CPU','4 nhân 2.2 GHz & 4 nhân 1.8 GHz',11),(14,'Tốc độ CPU','1.8 GHz',12),(14,'Tốc độ CPU','1.4 GHz',13),(14,'Tốc độ CPU','4 nhân 2.8 GHz & 4 nhân 1.7 GHz',14),(14,'Tốc độ CPU','2 nhân 2.2 GHz Cortex-A75 & 6 nhân 1.7 GHz Cortex-A55',15),(14,'Tốc độ CPU','2.0 GHz',16),(14,'Tốc độ CPU','1.8 GHz',17),(14,'Tốc độ CPU','2 nhân 2.6 GHz Cortex A76 & 2 nhân 1.92 GHz Cortex A76 & 4 nhân 1.8 GHz Cortex A55',18),(14,'Tốc độ CPU','4 nhân 2.2 GHz Cortex-A73 & 4 nhân 1.7 GHz Cortex-A53',19),(14,'Tốc độ CPU','4 nhân 2.2 GHz Cortex-A73 & 4 nhân 1.7 GHz Cortex-A53',20),(14,'Tốc độ CPU','1.4 GHz',21),(14,'Tốc độ CPU','4 nhân 2.8 GHz Kryo & 4 nhân 1.8 GHz Kryo',22),(14,'Tốc độ CPU','2.2 GHz',23),(14,'Tốc độ CPU','1.8 GHz',24),(14,'Tốc độ CPU','1.4 GHz',25),(14,'Tốc độ CPU','1.8 GHz',26),(14,'Tốc độ CPU','4 nhân 2.2 GHz Kryo 260 & 4 nhân 1.8 GHz Kryo 260',27),(14,'Tốc độ CPU','4 nhân 1.4 GHz Cortex-A53 & 4 nhân 1.1 GHz Cortex-A53',28),(14,'Tốc độ CPU','4 nhân 2.1 GHz Cortex-A73 & 4 nhân 2.0 GHz Cortex-A53',29),(14,'Tốc độ CPU','4 nhân 2.0 GHz Cortex-A53 & 4 nhân 1.5 GHz Cortex-A53',30),(14,'Tốc độ CPU','8 nhân 1.8 GHz Kryo',31),(14,'Tốc độ CPU','4 nhân 2.2 GHz & 4 nhân 1.8 GHz',32),(14,'Tốc độ CPU','1.8 GHz',33),(15,'GPU','Apple GPU 4 nhân',1),(15,'GPU','Apple GPU 4 nhân',2),(15,'GPU','Apple GPU 3 nhân',3),(15,'GPU','Apple GPU 4 nhân',4),(15,'GPU','Apple GPU 4 nhân',5),(15,'GPU','Chip đồ họa 6 nhân',6),(15,'GPU','Chip đồ họa 6 nhân',7),(15,'GPU','PowerVR GT7600',8),(15,'GPU','Mali-G76 MP12',9),(15,'GPU','Mali-G72 MP18',10),(15,'GPU','Adreno 512',11),(15,'GPU','Mali-G71 MP2',12),(15,'GPU','Adreno 308',13),(15,'GPU','Adreno 630',14),(15,'GPU','Adreno 616',15),(15,'GPU','Mali-G72 MP3',16),(15,'GPU','Adreno 506',17),(15,'GPU','Mali-G76 MP10',18),(15,'GPU','Mali-G51 MP4',19),(15,'GPU','Mali-G51 MP4',20),(15,'GPU','Adreno 308',21),(15,'GPU','Adreno 630',22),(15,'GPU','Adreno 512',23),(15,'GPU','Adreno 509',24),(15,'GPU','Adreno 308',25),(15,'GPU','Adreno 509',26),(15,'GPU','Adreno 512',27),(15,'GPU','Adreno 505',28),(15,'GPU','Mali-G72 MP3',29),(15,'GPU','PowerVR GE8320',30),(15,'GPU','Adreno 509',31),(15,'GPU','Adreno 512',32),(15,'GPU','Adreno 506',33),(16,'RAM','4 GB',1),(16,'RAM','4 GB',2),(16,'RAM','3 GB',3),(16,'RAM','4 GB',4),(16,'RAM','3 GB',5),(16,'RAM','3 GB',6),(16,'RAM','2 GB',7),(16,'RAM','2 GB',8),(16,'RAM','8 GB',9),(16,'RAM','6 GB',10),(16,'RAM','4 GB',11),(16,'RAM','3 GB',12),(16,'RAM','3 GB',13),(16,'RAM','8 GB',14),(16,'RAM','8 GB',15),(16,'RAM','4 GB',16),(16,'RAM','4 GB',17),(16,'RAM','6 GB',18),(16,'RAM','6 GB',19),(16,'RAM','4 GB',20),(16,'RAM','2 GB',21),(16,'RAM','6 GB',22),(16,'RAM','4 GB',23),(16,'RAM','4 GB',24),(16,'RAM','1 GB',25),(16,'RAM','4 GB',26),(16,'RAM','4 GB',27),(16,'RAM','3 GB',28),(16,'RAM','6 GB',29),(16,'RAM','2 GB',30),(16,'RAM','4 GB',31),(16,'RAM','4 GB',32),(16,'RAM','4 GB',33),(17,'Bộ nhớ trong','512 GB',1),(17,'Bộ nhớ trong','256 GB',2),(17,'Bộ nhớ trong','256 GB',3),(17,'Bộ nhớ trong','512 GB',4),(17,'Bộ nhớ trong','128 GB',5),(17,'Bộ nhớ trong','32 GB',6),(17,'Bộ nhớ trong','32 GB',7),(17,'Bộ nhớ trong','32 GB',8),(17,'Bộ nhớ trong','512 GB',9),(17,'Bộ nhớ trong','128 GB',10),(17,'Bộ nhớ trong','64 GB',11),(17,'Bộ nhớ trong','32 GB',12),(17,'Bộ nhớ trong','32 GB',13),(17,'Bộ nhớ trong','256 GB',14),(17,'Bộ nhớ trong','128 GB',15),(17,'Bộ nhớ trong','64 GB',16),(17,'Bộ nhớ trong','64 GB',17),(17,'Bộ nhớ trong','128 GB',18),(17,'Bộ nhớ trong','128 GB',19),(17,'Bộ nhớ trong','128 GB',20),(17,'Bộ nhớ trong','16 GB',21),(17,'Bộ nhớ trong','64 GB',22),(17,'Bộ nhớ trong','64 GB',23),(17,'Bộ nhớ trong','64 GB',24),(17,'Bộ nhớ trong','8 GB',25),(17,'Bộ nhớ trong','64 GB',26),(17,'Bộ nhớ trong','64 GB',27),(17,'Bộ nhớ trong','32 GB',28),(17,'Bộ nhớ trong','128 GB',29),(17,'Bộ nhớ trong','32 GB',30),(17,'Bộ nhớ trong','64 GB',31),(17,'Bộ nhớ trong','64 GB',32),(17,'Bộ nhớ trong','64 GB',33),(18,'Thẻ nhớ ngoài','Không',1),(18,'Thẻ nhớ ngoài','Không',2),(18,'Thẻ nhớ ngoài','Không',3),(18,'Thẻ nhớ ngoài','Không',4),(18,'Thẻ nhớ ngoài','Không',5),(18,'Thẻ nhớ ngoài','Không',6),(18,'Thẻ nhớ ngoài','Không',7),(18,'Thẻ nhớ ngoài','Không',8),(18,'Thẻ nhớ ngoài','MicroSD, hỗ trợ tối đa 512 GB',9),(18,'Thẻ nhớ ngoài','MicroSD, hỗ trợ tối đa 512 GB',10),(18,'Thẻ nhớ ngoài','MicroSD, hỗ trợ tối đa 400 GB',11),(18,'Thẻ nhớ ngoài','MicroSD, hỗ trợ tối đa 512 GB',12),(18,'Thẻ nhớ ngoài','MicroSD, hỗ trợ tối đa 256 GB',13),(18,'Thẻ nhớ ngoài','Không',14),(18,'Thẻ nhớ ngoài','Không',15),(18,'Thẻ nhớ ngoài','MicroSD, hỗ trợ tối đa 256 GB',16),(18,'Thẻ nhớ ngoài','MicroSD, hỗ trợ tối đa 256 GB',17),(18,'Thẻ nhớ ngoài','NM card, hỗ trợ tối đa 256 GB',18),(18,'Thẻ nhớ ngoài','MicroSD, hỗ trợ tối đa 512 GB',19),(18,'Thẻ nhớ ngoài','MicroSD, hỗ trợ tối đa 512 GB',20),(18,'Thẻ nhớ ngoài','MicroSD, hỗ trợ tối đa 256 GB',21),(18,'Thẻ nhớ ngoài','Không',22),(18,'Thẻ nhớ ngoài','Không',23),(18,'Thẻ nhớ ngoài','MicroSD, hỗ trợ tối đa 256 GB',24),(18,'Thẻ nhớ ngoài','MicroSD, hỗ trợ tối đa 128 GB',25),(18,'Thẻ nhớ ngoài','MicroSD, hỗ trợ tối đa 400 GB',26),(18,'Thẻ nhớ ngoài','MicroSD, hỗ trợ tối đa 256 GB',27),(18,'Thẻ nhớ ngoài','MicroSD, hỗ trợ tối đa 256 GB',28),(18,'Thẻ nhớ ngoài','MicroSD, hỗ trợ tối đa 256 GB',29),(18,'Thẻ nhớ ngoài','MicroSD, hỗ trợ tối đa 256 GB',30),(18,'Thẻ nhớ ngoài','MicroSD, hỗ trợ tối đa 512 GB',31),(18,'Thẻ nhớ ngoài','MicroSD, hỗ trợ tối đa 512 GB',32),(18,'Thẻ nhớ ngoài','MicroSD, hỗ trợ tối đa 256 GB',33),(19,'Cổng kết nối/sạc','Lightning',1),(19,'Cổng kết nối/sạc','Lightning',2),(19,'Cổng kết nối/sạc','Lightning',3),(19,'Cổng kết nối/sạc','Lightning',4),(19,'Cổng kết nối/sạc','Lightning',5),(19,'Cổng kết nối/sạc','Lightning',6),(19,'Cổng kết nối/sạc','Lightning',7),(19,'Cổng kết nối/sạc','Lightning',8),(19,'Cổng kết nối/sạc','USB Type-C',9),(19,'Cổng kết nối/sạc','USB Type-C',10),(19,'Cổng kết nối/sạc','USB Type-C',11),(19,'Cổng kết nối/sạc','USB Type-C',12),(19,'Cổng kết nối/sạc','Micro USB',13),(19,'Cổng kết nối/sạc','USB Type-C',14),(19,'Cổng kết nối/sạc','USB Type-C',15),(19,'Cổng kết nối/sạc','Micro USB',16),(19,'Cổng kết nối/sạc','Micro USB',17),(19,'Cổng kết nối/sạc','USB Type-C',18),(19,'Cổng kết nối/sạc','USB Type-C',19),(19,'Cổng kết nối/sạc','Micro USB',20),(19,'Cổng kết nối/sạc','Micro USB',21),(19,'Cổng kết nối/sạc','USB Type-C',22),(19,'Cổng kết nối/sạc','USB Type-C',23),(19,'Cổng kết nối/sạc','USB Type-C',24),(19,'Cổng kết nối/sạc','Micro USB',25),(19,'Cổng kết nối/sạc','Micro USB',26),(19,'Cổng kết nối/sạc','USB Type-C',27),(19,'Cổng kết nối/sạc','USB Type-C',28),(19,'Cổng kết nối/sạc','Micro USB',29),(19,'Cổng kết nối/sạc','Micro USB',30),(19,'Cổng kết nối/sạc','USB Type-C',31),(19,'Cổng kết nối/sạc','Micro USB',32),(19,'Cổng kết nối/sạc','USB Type-C',33),(20,'Jack tai nghe','Lightning',1),(20,'Jack tai nghe','Lightning',2),(20,'Jack tai nghe','Lightning',3),(20,'Jack tai nghe','Lightning',4),(20,'Jack tai nghe','Lightning',5),(20,'Jack tai nghe','Lightning',6),(20,'Jack tai nghe','Lightning',7),(20,'Jack tai nghe','3.5 mm',8),(20,'Jack tai nghe','3.5 mm',9),(20,'Jack tai nghe','3.5 mm',10),(20,'Jack tai nghe','3.5 mm',11),(20,'Jack tai nghe','3.5 mm',12),(20,'Jack tai nghe','3.5 mm',13),(20,'Jack tai nghe','Không',14),(20,'Jack tai nghe','Không',15),(20,'Jack tai nghe','3.5 mm',16),(20,'Jack tai nghe','3.5 mm',17),(20,'Jack tai nghe','Không',18),(20,'Jack tai nghe','Không',19),(20,'Jack tai nghe','3.5 mm',20),(20,'Jack tai nghe','3.5 mm',21),(20,'Jack tai nghe','3.5 mm',22),(20,'Jack tai nghe','Không',23),(20,'Jack tai nghe','3.5 mm',24),(20,'Jack tai nghe','3.5 mm',25),(20,'Jack tai nghe','3.5 mm',26),(20,'Jack tai nghe','3.5 mm',27),(20,'Jack tai nghe','3.5 mm',28),(20,'Jack tai nghe','3.5 mm',29),(20,'Jack tai nghe','3.5 mm',30),(20,'Jack tai nghe','3.5 mm',31),(20,'Jack tai nghe','3.5 mm',32),(20,'Jack tai nghe','3.5 mm',33),(21,'Dung lượng pin','3174 mAh',1),(21,'Dung lượng pin','2658 mAh',2),(21,'Dung lượng pin','2716 mAh',3),(21,'Dung lượng pin','3174 mAh',4),(21,'Dung lượng pin','2942 mAh',5),(21,'Dung lượng pin','2900 mAh',6),(21,'Dung lượng pin','1960 mAh',7),(21,'Dung lượng pin','2750 mAh',8),(21,'Dung lượng pin','4100 mAh',9),(21,'Dung lượng pin','4000 mAh',10),(21,'Dung lượng pin','3700 mAh',11),(21,'Dung lượng pin','5000 mAh',12),(21,'Dung lượng pin','3300 mAh',13),(21,'Dung lượng pin','3730 mAh',14),(21,'Dung lượng pin','3700 mAh',15),(21,'Dung lượng pin','3500 mAh',16),(21,'Dung lượng pin','4230 mAh',17),(21,'Dung lượng pin','4200 mAh',18),(21,'Dung lượng pin','3340 mAh',19),(21,'Dung lượng pin','3340 mAh',20),(21,'Dung lượng pin','3000 mAh',21),(21,'Dung lượng pin','3400 mAh',22),(21,'Dung lượng pin','3010 mAh',23),(21,'Dung lượng pin','4000 mAh',24),(21,'Dung lượng pin','3000 mAh',25),(21,'Dung lượng pin','3060 mAh',26),(21,'Dung lượng pin','3100 mAh',27),(21,'Dung lượng pin','3000 mAh',28),(21,'Dung lượng pin','4000 mAh',29),(21,'Dung lượng pin','4030 mAh',30),(21,'Dung lượng pin','3600 mAh',31),(21,'Dung lượng pin','5000 mAh',32),(21,'Dung lượng pin','4000 mAh',33);
/*!40000 ALTER TABLE `thongtinsp` ENABLE KEYS */;
UNLOCK TABLES;
/*!40103 SET TIME_ZONE=@OLD_TIME_ZONE */;

/*!40101 SET SQL_MODE=@OLD_SQL_MODE */;
/*!40014 SET FOREIGN_KEY_CHECKS=@OLD_FOREIGN_KEY_CHECKS */;
/*!40014 SET UNIQUE_CHECKS=@OLD_UNIQUE_CHECKS */;
/*!40101 SET CHARACTER_SET_CLIENT=@OLD_CHARACTER_SET_CLIENT */;
/*!40101 SET CHARACTER_SET_RESULTS=@OLD_CHARACTER_SET_RESULTS */;
/*!40101 SET COLLATION_CONNECTION=@OLD_COLLATION_CONNECTION */;
/*!40111 SET SQL_NOTES=@OLD_SQL_NOTES */;

-- Dump completed on 2019-05-01 20:37:52
